"","Designation","Data Vintage","Tract Vintage","Number of Tracts","Share of US Population","Poverty Rate","Average Median Family Income","Percent Non-White","Percent without HS diploma","Percent with Bachelors +","Percent Prime Age Adults Not Working","Vacancy Rate"
"1","OZ-Eligible Tracts, TCJA (2017)","2012-2016 ACS","2010 Decennial",30924,39.235328084295,25.388028799168,45837.5625736353,54.5104751025188,21.0303401971402,18.5525434897877,33.1420990880696,10.8928009916657
"2","OZ Tracts, Currently Designated","2012-2016 ACS","2010 Decennial",7826,9.85215095508995,28.6888562723258,42399.13168137,56.2145891338399,22.3770870737956,17.235227030858,35.9870896326765,11.9667248286412
"3","National (2016)","2012-2016 ACS","2010 Decennial",73058,100,15.1087398628679,70467.9354901715,38.0450659835862,13.0205902483664,30.3150225074383,27.2620820695759,8.18364497070711
"4","OZ-Eligible Tracts, BBB (2025)","2019-2023 ACS","2020 Decennial",24632,26.1810227389815,25.5752062513216,59758.5306208761,59.5916725607027,16.0706154767588,16.9425476273475,28.5319161579517,10.5691845087253
"5","National (2023)","2019-2023 ACS","2020 Decennial",84414,100,12.4450158659909,101236.284549276,41.8218606473813,9.36060346600691,30.9050959866705,20.6567974979131,7.02263041181078
"6","Eligible areas as % of National, TCJA","2012-2016 ACS","2010 Decennial",42.3280133592488,39.235328084295,168.035382365429,65.0474038366407,143.27869775817,161.516028044725,61.1991743870075,121.568481099453,133.104515538685
"7","Eligible areas as % of National, BBB","2019-2023 ACS","2020 Decennial",29.1799938398844,26.1810227389815,205.505613867573,59.028767093669,142.489290620393,171.683540864853,54.821210180531,138.123618440052,150.501790482236
